ModelName	ModelRevision	Task	Accuracy	Accuracy_SE
EleutherAI/pythia-1b	step64000	isp_hindsight_neglect	0.453968253968253	0.028096800277810002
EleutherAI/pythia-1b	step64000	isp_into_the_unknown	0.475328947368421	0.011696269035864001
EleutherAI/pythia-1b	step64000	isp_memo_trap	0.7959401709401701	0.013179931885921
EleutherAI/pythia-1b	step64000	isp_modus_tollens	0.025889967637540003	0.0045189369619190005
EleutherAI/pythia-1b	step64000	isp_neqa	0.45666666666666605	0.028806947219396
EleutherAI/pythia-1b	step64000	isp_pattern_matching_suppression	0.282212885154061	0.011914457207298002
EleutherAI/pythia-1b	step64000	isp_redefine	0.67604501607717	0.013273778806080001
EleutherAI/pythia-1b	step64000	isp_repetitive_algebra	0.292	0.014385511563477001
EleutherAI/pythia-1b	step64000	isp_resisting_correction	0.9102668845315901	0.0033352161170280004
EleutherAI/pythia-1b	step64000	isp_sig_figs	0.37254151313585604	0.003344631350236
EleutherAI/pythia-1b	step64000	truthfulqa_mc1	0.24602203182374502	0.015077219200662002
EleutherAI/pythia-1b	step64000	truthfulqa_mc2	0.41189103955793005	0.014580538921222002
EleutherAI/pythia-6.9b	step128000	isp_hindsight_neglect	0.463492063492063	0.028141315964997003
EleutherAI/pythia-6.9b	step128000	isp_into_the_unknown	0.486842105263157	0.011706477613072001
EleutherAI/pythia-6.9b	step128000	isp_memo_trap	0.704059829059829	0.014927976325705002
EleutherAI/pythia-6.9b	step128000	isp_modus_tollens	0.03883495145631	0.005497647491118
EleutherAI/pythia-6.9b	step128000	isp_neqa	0.46	0.028823067684915
EleutherAI/pythia-6.9b	step128000	isp_pattern_matching_suppression	0.0	0.0
EleutherAI/pythia-6.9b	step128000	isp_redefine	0.479099678456591	0.014169505304658
EleutherAI/pythia-6.9b	step128000	isp_repetitive_algebra	0.559	0.015708779894242002
EleutherAI/pythia-6.9b	step128000	isp_resisting_correction	0.841367102396514	0.004263366103842
EleutherAI/pythia-6.9b	step128000	isp_sig_figs	0.373450734555199	0.0033462831902690005
EleutherAI/pythia-6.9b	step128000	truthfulqa_mc1	0.20440636474908203	0.014117174337432
EleutherAI/pythia-6.9b	step128000	truthfulqa_mc2	0.34770936765397104	0.013560973987012
EleutherAI/pythia-410m	step8000	isp_hindsight_neglect	0.549206349206349	0.028079660068225
EleutherAI/pythia-410m	step8000	isp_into_the_unknown	0.48793859649122806	0.011707125476164001
EleutherAI/pythia-410m	step8000	isp_memo_trap	0.840811965811965	0.011964618246987
EleutherAI/pythia-410m	step8000	isp_modus_tollens	1.0	0.0
EleutherAI/pythia-410m	step8000	isp_neqa	0.46666666666666606	0.028851417827642
EleutherAI/pythia-410m	step8000	isp_pattern_matching_suppression	0.28291316526610605	0.011923409696824
EleutherAI/pythia-410m	step8000	isp_redefine	0.673633440514469	0.013299309146010001
EleutherAI/pythia-410m	step8000	isp_repetitive_algebra	0.075	0.008333333333333
EleutherAI/pythia-410m	step8000	isp_resisting_correction	0.779411764705882	0.004838802401515001
EleutherAI/pythia-410m	step8000	isp_sig_figs	0.38498349045317504	0.003366145313445
EleutherAI/pythia-410m	step8000	truthfulqa_mc1	0.24969400244798	0.015152286907148002
EleutherAI/pythia-410m	step8000	truthfulqa_mc2	0.44787511570470606	0.015211261164576
EleutherAI/pythia-410m	step143000	isp_hindsight_neglect	0.43809523809523804	0.027999533688878003
EleutherAI/pythia-410m	step143000	isp_into_the_unknown	0.5027412280701751	0.011710357214135
EleutherAI/pythia-410m	step143000	isp_memo_trap	0.833333333333333	0.012187873735452001
EleutherAI/pythia-410m	step143000	isp_modus_tollens	1.0	0.0
EleutherAI/pythia-410m	step143000	isp_neqa	0.46	0.028823067684915
EleutherAI/pythia-410m	step143000	isp_pattern_matching_suppression	0.24509803921568601	0.011386839746091
EleutherAI/pythia-410m	step143000	isp_redefine	0.548231511254019	0.014115764377457
EleutherAI/pythia-410m	step143000	isp_repetitive_algebra	0.47000000000000003	0.015790799515836
EleutherAI/pythia-410m	step143000	isp_resisting_correction	0.903322440087146	0.0034486369386460005
EleutherAI/pythia-410m	step143000	isp_sig_figs	0.368904627458486	0.003337897294824
EleutherAI/pythia-410m	step143000	truthfulqa_mc1	0.23500611995104	0.014843061507731
EleutherAI/pythia-410m	step143000	truthfulqa_mc2	0.41281997131859005	0.014555173752414
EleutherAI/pythia-2.8b	step32000	isp_hindsight_neglect	0.453968253968253	0.028096800277810002
EleutherAI/pythia-2.8b	step32000	isp_into_the_unknown	0.49287280701754305	0.011709343431575
EleutherAI/pythia-2.8b	step32000	isp_memo_trap	0.78525641025641	0.013429506200884001
EleutherAI/pythia-2.8b	step32000	isp_modus_tollens	1.0	0.0
EleutherAI/pythia-2.8b	step32000	isp_neqa	0.46	0.028823067684915
EleutherAI/pythia-2.8b	step32000	isp_pattern_matching_suppression	0.079831932773109	0.007174801896809001
EleutherAI/pythia-2.8b	step32000	isp_redefine	0.5466237942122181	0.014120109468501
EleutherAI/pythia-2.8b	step32000	isp_repetitive_algebra	0.385	0.015395194445410001
EleutherAI/pythia-2.8b	step32000	isp_resisting_correction	0.8864379084967321	0.0037025769001560005
EleutherAI/pythia-2.8b	step32000	isp_sig_figs	0.37761401158060903	0.003353685815477
EleutherAI/pythia-2.8b	step32000	truthfulqa_mc1	0.230110159118727	0.014734557959807002
EleutherAI/pythia-2.8b	step32000	truthfulqa_mc2	0.39276394503302203	0.014308270228254
EleutherAI/pythia-6.9b	step4000	isp_hindsight_neglect	0.45079365079365	0.028079660068225
EleutherAI/pythia-6.9b	step4000	isp_into_the_unknown	0.47423245614035003	0.01169497207097
EleutherAI/pythia-6.9b	step4000	isp_memo_trap	0.881410256410256	0.010573208818107001
EleutherAI/pythia-6.9b	step4000	isp_modus_tollens	1.0	0.0
EleutherAI/pythia-6.9b	step4000	isp_neqa	0.45666666666666605	0.028806947219396
EleutherAI/pythia-6.9b	step4000	isp_pattern_matching_suppression	0.57422969187675	0.013089363298703001
EleutherAI/pythia-6.9b	step4000	isp_redefine	0.567524115755627	0.014051980669401
EleutherAI/pythia-6.9b	step4000	isp_repetitive_algebra	0.742	0.013842963108656
EleutherAI/pythia-6.9b	step4000	isp_resisting_correction	0.7483660130718951	0.005064130785393001
EleutherAI/pythia-6.9b	step4000	isp_sig_figs	0.385892711872517	0.003367625847306
EleutherAI/pythia-6.9b	step4000	truthfulqa_mc1	0.24357405140758803	0.015026354824910002
EleutherAI/pythia-6.9b	step4000	truthfulqa_mc2	0.43992823786851204	0.015194394038368001
EleutherAI/pythia-12b	step16000	isp_hindsight_neglect	0.5460317460317461	0.028096800277810002
EleutherAI/pythia-12b	step16000	isp_into_the_unknown	0.49342105263157804	0.011709519441788
EleutherAI/pythia-12b	step16000	isp_memo_trap	0.831196581196581	0.012250016898545001
EleutherAI/pythia-12b	step16000	isp_modus_tollens	0.9935275080906141	0.002281876981122
EleutherAI/pythia-12b	step16000	isp_neqa	0.46	0.028823067684915
EleutherAI/pythia-12b	step16000	isp_pattern_matching_suppression	0.284313725490196	0.011941208204800002
EleutherAI/pythia-12b	step16000	isp_redefine	0.6197749196141471	0.013768981446189
EleutherAI/pythia-12b	step16000	isp_repetitive_algebra	0.902	0.009406619184621
EleutherAI/pythia-12b	step16000	isp_resisting_correction	0.8779956427015251	0.003819417089246
EleutherAI/pythia-12b	step16000	isp_sig_figs	0.373307173278461	0.003346023213688
EleutherAI/pythia-12b	step16000	truthfulqa_mc1	0.23623011015911802	0.014869755015871
EleutherAI/pythia-12b	step16000	truthfulqa_mc2	0.395795538169852	0.014281750703130001
EleutherAI/pythia-410m	step128000	isp_hindsight_neglect	0.45079365079365	0.028079660068225
EleutherAI/pythia-410m	step128000	isp_into_the_unknown	0.5098684210526311	0.011708252109196
EleutherAI/pythia-410m	step128000	isp_memo_trap	0.8012820512820511	0.013049847892869
EleutherAI/pythia-410m	step128000	isp_modus_tollens	0.978155339805825	0.004159518717797001
EleutherAI/pythia-410m	step128000	isp_neqa	0.45	0.028770804599878002
EleutherAI/pythia-410m	step128000	isp_pattern_matching_suppression	0.197478991596638	0.010538448292509
EleutherAI/pythia-410m	step128000	isp_redefine	0.5844051446945331	0.013978370015049
EleutherAI/pythia-410m	step128000	isp_repetitive_algebra	0.387	0.015410011955493002
EleutherAI/pythia-410m	step128000	isp_resisting_correction	0.9050925925925921	0.0034202653143370005
EleutherAI/pythia-410m	step128000	isp_sig_figs	0.378618940517777	0.003355433172686
EleutherAI/pythia-410m	step128000	truthfulqa_mc1	0.24235006119951003	0.015000674373570002
EleutherAI/pythia-410m	step128000	truthfulqa_mc2	0.41813927801774803	0.014690044150442002
EleutherAI/pythia-2.8b	step4000	isp_hindsight_neglect	0.526984126984127	0.028175510942128
EleutherAI/pythia-2.8b	step4000	isp_into_the_unknown	0.483552631578947	0.011704195722739001
EleutherAI/pythia-2.8b	step4000	isp_memo_trap	0.858974358974358	0.011382386693650002
EleutherAI/pythia-2.8b	step4000	isp_modus_tollens	1.0	0.0
EleutherAI/pythia-2.8b	step4000	isp_neqa	0.45666666666666605	0.028806947219396
EleutherAI/pythia-2.8b	step4000	isp_pattern_matching_suppression	0.607843137254901	0.012924497952917
EleutherAI/pythia-2.8b	step4000	isp_redefine	0.7194533762057871	0.012742900336573002
EleutherAI/pythia-2.8b	step4000	isp_repetitive_algebra	0.547	0.015749255189977
EleutherAI/pythia-2.8b	step4000	isp_resisting_correction	0.76865468409586	0.0049210664595380005
EleutherAI/pythia-2.8b	step4000	isp_sig_figs	0.393262190745083	0.0033791700464300004
EleutherAI/pythia-2.8b	step4000	truthfulqa_mc1	0.24235006119951003	0.015000674373570002
EleutherAI/pythia-2.8b	step4000	truthfulqa_mc2	0.44667658267293603	0.015336307559122
EleutherAI/pythia-410m	step64000	isp_hindsight_neglect	0.45079365079365	0.028079660068225
EleutherAI/pythia-410m	step64000	isp_into_the_unknown	0.49013157894736803	0.011708252109196
EleutherAI/pythia-410m	step64000	isp_memo_trap	0.8247863247863241	0.012432226676704001
EleutherAI/pythia-410m	step64000	isp_modus_tollens	0.7702265372168281	0.011970869452653
EleutherAI/pythia-410m	step64000	isp_neqa	0.45666666666666605	0.028806947219396
EleutherAI/pythia-410m	step64000	isp_pattern_matching_suppression	0.049019607843137004	0.005715558983947
EleutherAI/pythia-410m	step64000	isp_redefine	0.6463022508038581	0.013561209273169
EleutherAI/pythia-410m	step64000	isp_repetitive_algebra	0.361	0.015195720118175
EleutherAI/pythia-410m	step64000	isp_resisting_correction	0.8939270152505441	0.003593491829588
EleutherAI/pythia-410m	step64000	isp_sig_figs	0.383452170167966	0.003363623723897
EleutherAI/pythia-410m	step64000	truthfulqa_mc1	0.24724602203182303	0.015102404797359002
EleutherAI/pythia-410m	step64000	truthfulqa_mc2	0.42140158804289	0.014682425805179
EleutherAI/pythia-70m	step4000	isp_hindsight_neglect	0.555555555555555	0.028041914729170003
EleutherAI/pythia-70m	step4000	isp_into_the_unknown	0.491228070175438	0.011708730895408002
EleutherAI/pythia-70m	step4000	isp_memo_trap	0.864316239316239	0.011199392543232
EleutherAI/pythia-70m	step4000	isp_modus_tollens	1.0	0.0
EleutherAI/pythia-70m	step4000	isp_neqa	0.45666666666666605	0.028806947219396
EleutherAI/pythia-70m	step4000	isp_pattern_matching_suppression	0.354341736694677	0.012661947980106001
EleutherAI/pythia-70m	step4000	isp_redefine	0.5739549839228291	0.01402591155591
EleutherAI/pythia-70m	step4000	isp_repetitive_algebra	0.543	0.015760691590136003
EleutherAI/pythia-70m	step4000	isp_resisting_correction	0.552015250544662	0.005803238091141001
EleutherAI/pythia-70m	step4000	isp_sig_figs	0.391539455424223	0.0033765438748770004
EleutherAI/pythia-70m	step4000	truthfulqa_mc1	0.27294981640146804	0.015594753632006
EleutherAI/pythia-70m	step4000	truthfulqa_mc2	0.47986618390429003	0.015772303815687002
EleutherAI/pythia-12b	step4000	isp_hindsight_neglect	0.47936507936507905	0.028192592877458
EleutherAI/pythia-12b	step4000	isp_into_the_unknown	0.486842105263157	0.011706477613072001
EleutherAI/pythia-12b	step4000	isp_memo_trap	0.848290598290598	0.011732019312872
EleutherAI/pythia-12b	step4000	isp_modus_tollens	1.0	0.0
EleutherAI/pythia-12b	step4000	isp_neqa	0.45666666666666605	0.028806947219396
EleutherAI/pythia-12b	step4000	isp_pattern_matching_suppression	0.620448179271708	0.012846248245323
EleutherAI/pythia-12b	step4000	isp_redefine	0.553054662379421	0.014101836343330001
EleutherAI/pythia-12b	step4000	isp_repetitive_algebra	0.61	0.015431725053866
EleutherAI/pythia-12b	step4000	isp_resisting_correction	0.767020697167756	0.0049331628020340005
EleutherAI/pythia-12b	step4000	isp_sig_figs	0.38474422165861105	0.0033657536374190004
EleutherAI/pythia-12b	step4000	truthfulqa_mc1	0.23745410036719702	0.014896277441041002
EleutherAI/pythia-12b	step4000	truthfulqa_mc2	0.429555711451835	0.015325386287011002
EleutherAI/pythia-2.8b	step128000	isp_hindsight_neglect	0.37460317460317405	0.027314844904682
EleutherAI/pythia-2.8b	step128000	isp_into_the_unknown	0.49780701754385903	0.011710420572631
EleutherAI/pythia-2.8b	step128000	isp_memo_trap	0.777777777777777	0.013596142350529
EleutherAI/pythia-2.8b	step128000	isp_modus_tollens	0.768608414239482	0.01200032117653
EleutherAI/pythia-2.8b	step128000	isp_neqa	0.45333333333333303	0.028789526978043004
EleutherAI/pythia-2.8b	step128000	isp_pattern_matching_suppression	0.016806722689075	0.0034028983855280003
EleutherAI/pythia-2.8b	step128000	isp_redefine	0.605305466237942	0.013863800156199
EleutherAI/pythia-2.8b	step128000	isp_repetitive_algebra	0.526	0.015797897758042002
EleutherAI/pythia-2.8b	step128000	isp_resisting_correction	0.8886165577342041	0.003671391974767
EleutherAI/pythia-2.8b	step128000	isp_sig_figs	0.38909891371967203	0.0033727478806960002
EleutherAI/pythia-2.8b	step128000	truthfulqa_mc1	0.20807833537331702	0.014210503473576
EleutherAI/pythia-2.8b	step128000	truthfulqa_mc2	0.356380477925035	0.013650422708753001
EleutherAI/pythia-1b	step32000	isp_hindsight_neglect	0.46666666666666606	0.028153858945648
EleutherAI/pythia-1b	step32000	isp_into_the_unknown	0.48793859649122806	0.011707125476164001
EleutherAI/pythia-1b	step32000	isp_memo_trap	0.8194444444444441	0.012579384157816
EleutherAI/pythia-1b	step32000	isp_modus_tollens	1.0	0.0
EleutherAI/pythia-1b	step32000	isp_neqa	0.45333333333333303	0.028789526978043004
EleutherAI/pythia-1b	step32000	isp_pattern_matching_suppression	0.26890756302521	0.011737501682276
EleutherAI/pythia-1b	step32000	isp_redefine	0.6318327974276521	0.013680062052688001
EleutherAI/pythia-1b	step32000	isp_repetitive_algebra	0.202	0.012702651587655002
EleutherAI/pythia-1b	step32000	isp_resisting_correction	0.8540305010893241	0.004120320368926
EleutherAI/pythia-1b	step32000	isp_sig_figs	0.37962386945494503	0.0033571652246880005
EleutherAI/pythia-1b	step32000	truthfulqa_mc1	0.23255813953488302	0.014789157531080002
EleutherAI/pythia-1b	step32000	truthfulqa_mc2	0.42016908515161205	0.014769884524132
EleutherAI/pythia-70m	step128000	isp_hindsight_neglect	0.5523809523809521	0.028061365638353004
EleutherAI/pythia-70m	step128000	isp_into_the_unknown	0.49342105263157804	0.011709519441788
EleutherAI/pythia-70m	step128000	isp_memo_trap	0.8621794871794871	0.011273271548575001
EleutherAI/pythia-70m	step128000	isp_modus_tollens	0.7702265372168281	0.011970869452653
EleutherAI/pythia-70m	step128000	isp_neqa	0.45666666666666605	0.028806947219396
EleutherAI/pythia-70m	step128000	isp_pattern_matching_suppression	0.255602240896358	0.011547098500218001
EleutherAI/pythia-70m	step128000	isp_redefine	0.48633440514469406	0.014176602808503
EleutherAI/pythia-70m	step128000	isp_repetitive_algebra	0.668	0.014899597242811001
EleutherAI/pythia-70m	step128000	isp_resisting_correction	0.63235294117647	0.005626762123096001
EleutherAI/pythia-70m	step128000	isp_sig_figs	0.38952959754988703	0.0033734242122920003
EleutherAI/pythia-70m	step128000	truthfulqa_mc1	0.23867809057527503	0.014922629695456002
EleutherAI/pythia-70m	step128000	truthfulqa_mc2	0.468535158016526	0.015563402289580001
EleutherAI/pythia-410m	step4000	isp_hindsight_neglect	0.47619047619047605	0.028184622595998004
EleutherAI/pythia-410m	step4000	isp_into_the_unknown	0.482456140350877	0.011703322288963001
EleutherAI/pythia-410m	step4000	isp_memo_trap	0.8782051282051281	0.010695637623368
EleutherAI/pythia-410m	step4000	isp_modus_tollens	0.9983818770226531	0.0011437224031760002
EleutherAI/pythia-410m	step4000	isp_neqa	0.46	0.028823067684915
EleutherAI/pythia-410m	step4000	isp_pattern_matching_suppression	0.30532212885154003	0.012191548949659
EleutherAI/pythia-410m	step4000	isp_redefine	0.6414790996784561	0.013602318207674002
EleutherAI/pythia-410m	step4000	isp_repetitive_algebra	0.23800000000000002	0.013473586661967001
EleutherAI/pythia-410m	step4000	isp_resisting_correction	0.646922657952069	0.005577304311235
EleutherAI/pythia-410m	step4000	isp_sig_figs	0.38900320620184703	0.0033725972089310003
EleutherAI/pythia-410m	step4000	truthfulqa_mc1	0.24969400244798	0.015152286907148002
EleutherAI/pythia-410m	step4000	truthfulqa_mc2	0.45340196926043	0.015391411601583001
EleutherAI/pythia-70m	step16000	isp_hindsight_neglect	0.539682539682539	0.028127626334238
EleutherAI/pythia-70m	step16000	isp_into_the_unknown	0.48903508771929804	0.011707716972024001
EleutherAI/pythia-70m	step16000	isp_memo_trap	0.8931623931623931	0.010102328455208
EleutherAI/pythia-70m	step16000	isp_modus_tollens	1.0	0.0
EleutherAI/pythia-70m	step16000	isp_neqa	0.45666666666666605	0.028806947219396
EleutherAI/pythia-70m	step16000	isp_pattern_matching_suppression	0.43067226890756305	0.013108187251539002
EleutherAI/pythia-70m	step16000	isp_redefine	0.5241157556270091	0.014165395563863
EleutherAI/pythia-70m	step16000	isp_repetitive_algebra	0.774	0.013232501619085001
EleutherAI/pythia-70m	step16000	isp_resisting_correction	0.65958605664488	0.005529713609747001
EleutherAI/pythia-70m	step16000	isp_sig_figs	0.39043881896923005	0.00337484294067
EleutherAI/pythia-70m	step16000	truthfulqa_mc1	0.268053855569155	0.015506204722834002
EleutherAI/pythia-70m	step16000	truthfulqa_mc2	0.47449359611516	0.015632934169912002
EleutherAI/pythia-1.4b	step8000	isp_hindsight_neglect	0.514285714285714	0.028205113054972003
EleutherAI/pythia-1.4b	step8000	isp_into_the_unknown	0.48629385964912203	0.011706132540922001
EleutherAI/pythia-1.4b	step8000	isp_memo_trap	0.8782051282051281	0.010695637623368
EleutherAI/pythia-1.4b	step8000	isp_modus_tollens	0.826051779935275	0.010786490155717001
EleutherAI/pythia-1.4b	step8000	isp_neqa	0.45666666666666605	0.028806947219396
EleutherAI/pythia-1.4b	step8000	isp_pattern_matching_suppression	0.47268907563025203	0.013216278462755
EleutherAI/pythia-1.4b	step8000	isp_redefine	0.6840836012861731	0.013185758295686
EleutherAI/pythia-1.4b	step8000	isp_repetitive_algebra	0.6880000000000001	0.014658474370509001
EleutherAI/pythia-1.4b	step8000	isp_resisting_correction	0.834014161220043	0.004341956488805
EleutherAI/pythia-1.4b	step8000	isp_sig_figs	0.386179834425994	0.0033680908087880003
EleutherAI/pythia-1.4b	step8000	truthfulqa_mc1	0.25458996328029304	0.015250117079156002
EleutherAI/pythia-1.4b	step8000	truthfulqa_mc2	0.44288019191389305	0.014892818666013
EleutherAI/pythia-1b	step128000	isp_hindsight_neglect	0.5460317460317461	0.028096800277810002
EleutherAI/pythia-1b	step128000	isp_into_the_unknown	0.487390350877192	0.011706808591087001
EleutherAI/pythia-1b	step128000	isp_memo_trap	0.7884615384615381	0.013356083387462001
EleutherAI/pythia-1b	step128000	isp_modus_tollens	0.119741100323624	0.009238327539235001
EleutherAI/pythia-1b	step128000	isp_neqa	0.45666666666666605	0.028806947219396
EleutherAI/pythia-1b	step128000	isp_pattern_matching_suppression	0.33053221288515405	0.012452591783947002
EleutherAI/pythia-1b	step128000	isp_redefine	0.7017684887459801	0.012975919182844001
EleutherAI/pythia-1b	step128000	isp_repetitive_algebra	0.303	0.014539683710535002
EleutherAI/pythia-1b	step128000	isp_resisting_correction	0.890659041394335	0.0036417523983220002
EleutherAI/pythia-1b	step128000	isp_sig_figs	0.36799540603914405	0.003336182011251
EleutherAI/pythia-1b	step128000	truthfulqa_mc1	0.24235006119951003	0.015000674373570002
EleutherAI/pythia-1b	step128000	truthfulqa_mc2	0.41094156915019603	0.014464840806767002
EleutherAI/pythia-1.4b	step2000	isp_hindsight_neglect	0.536507936507936	0.028141315964997003
EleutherAI/pythia-1.4b	step2000	isp_into_the_unknown	0.48903508771929804	0.011707716972024001
EleutherAI/pythia-1.4b	step2000	isp_memo_trap	0.8952991452991451	0.010012750466241001
EleutherAI/pythia-1.4b	step2000	isp_modus_tollens	0.718446601941747	0.012798060395178001
EleutherAI/pythia-1.4b	step2000	isp_neqa	0.46	0.028823067684915
EleutherAI/pythia-1.4b	step2000	isp_pattern_matching_suppression	0.6274509803921561	0.012798811032208
EleutherAI/pythia-1.4b	step2000	isp_redefine	0.55225080385852	0.014104250784140002
EleutherAI/pythia-1.4b	step2000	isp_repetitive_algebra	0.742	0.013842963108656
EleutherAI/pythia-1.4b	step2000	isp_resisting_correction	0.6706154684095861	0.005484684107854
EleutherAI/pythia-1.4b	step2000	isp_sig_figs	0.391348040388572	0.0033762493552280002
EleutherAI/pythia-1.4b	step2000	truthfulqa_mc1	0.25458996328029304	0.015250117079156002
EleutherAI/pythia-1.4b	step2000	truthfulqa_mc2	0.46767342655124106	0.015522612075661002
EleutherAI/pythia-1.4b	step32000	isp_hindsight_neglect	0.47301587301587306	0.028175510942128
EleutherAI/pythia-1.4b	step32000	isp_into_the_unknown	0.49287280701754305	0.011709343431575
EleutherAI/pythia-1.4b	step32000	isp_memo_trap	0.8247863247863241	0.012432226676704001
EleutherAI/pythia-1.4b	step32000	isp_modus_tollens	0.9943365695792881	0.002135369384951
EleutherAI/pythia-1.4b	step32000	isp_neqa	0.47000000000000003	0.028863651326417
EleutherAI/pythia-1.4b	step32000	isp_pattern_matching_suppression	0.086834733893557	0.0074543442361500005
EleutherAI/pythia-1.4b	step32000	isp_redefine	0.6390675241157551	0.013622310970745
EleutherAI/pythia-1.4b	step32000	isp_repetitive_algebra	0.45	0.015740004693383002
EleutherAI/pythia-1.4b	step32000	isp_resisting_correction	0.898692810457516	0.0035211862982450002
EleutherAI/pythia-1.4b	step32000	isp_sig_figs	0.381538019811456	0.003360422115466
EleutherAI/pythia-1.4b	step32000	truthfulqa_mc1	0.23867809057527503	0.014922629695456002
EleutherAI/pythia-1.4b	step32000	truthfulqa_mc2	0.40499852498855704	0.014585664636256001
EleutherAI/pythia-1.4b	step128000	isp_hindsight_neglect	0.43174603174603104	0.027952495861671003
EleutherAI/pythia-1.4b	step128000	isp_into_the_unknown	0.491228070175438	0.011708730895408002
EleutherAI/pythia-1.4b	step128000	isp_memo_trap	0.767094017094017	0.013823207101837001
EleutherAI/pythia-1.4b	step128000	isp_modus_tollens	0.004045307443365001	0.00180618436724
EleutherAI/pythia-1.4b	step128000	isp_neqa	0.45666666666666605	0.028806947219396
EleutherAI/pythia-1.4b	step128000	isp_pattern_matching_suppression	0.131652661064425	0.008950546913368001
EleutherAI/pythia-1.4b	step128000	isp_redefine	0.6688102893890671	0.013349171927409
EleutherAI/pythia-1.4b	step128000	isp_repetitive_algebra	0.708	0.014385511563477001
EleutherAI/pythia-1.4b	step128000	isp_resisting_correction	0.8897058823529411	0.0036556334468960004
EleutherAI/pythia-1.4b	step128000	isp_sig_figs	0.408336124802603	0.0034002813114400003
EleutherAI/pythia-1.4b	step128000	truthfulqa_mc1	0.239902080783353	0.014948812679062002
EleutherAI/pythia-1.4b	step128000	truthfulqa_mc2	0.396439329789778	0.014272205007905001
EleutherAI/pythia-2.8b	step143000	isp_hindsight_neglect	0.33333333333333304	0.026602896148920002
EleutherAI/pythia-2.8b	step143000	isp_into_the_unknown	0.491228070175438	0.011708730895408002
EleutherAI/pythia-2.8b	step143000	isp_memo_trap	0.782051282051282	0.013501716044358
EleutherAI/pythia-2.8b	step143000	isp_modus_tollens	0.9466019417475721	0.006397539103499001
EleutherAI/pythia-2.8b	step143000	isp_neqa	0.45666666666666605	0.028806947219396
EleutherAI/pythia-2.8b	step143000	isp_pattern_matching_suppression	0.039915966386554	0.0051822213740820005
EleutherAI/pythia-2.8b	step143000	isp_redefine	0.603697749196141	0.013873546159303002
EleutherAI/pythia-2.8b	step143000	isp_repetitive_algebra	0.553	0.015730176046009
EleutherAI/pythia-2.8b	step143000	isp_resisting_correction	0.8807189542483661	0.0037824014939840003
EleutherAI/pythia-2.8b	step143000	isp_sig_figs	0.38842896109489405	0.003371690306713
EleutherAI/pythia-2.8b	step143000	truthfulqa_mc1	0.215422276621787	0.014391902652427001
EleutherAI/pythia-2.8b	step143000	truthfulqa_mc2	0.35908297241157205	0.013578363764492
EleutherAI/pythia-1.4b	step16000	isp_hindsight_neglect	0.49523809523809503	0.028215352704267
EleutherAI/pythia-1.4b	step16000	isp_into_the_unknown	0.5021929824561401	0.011710420572631
EleutherAI/pythia-1.4b	step16000	isp_memo_trap	0.846153846153846	0.011799461366882001
EleutherAI/pythia-1.4b	step16000	isp_modus_tollens	0.766990291262135	0.012029524555432
EleutherAI/pythia-1.4b	step16000	isp_neqa	0.486666666666666	0.028905463615555002
EleutherAI/pythia-1.4b	step16000	isp_pattern_matching_suppression	0.5140056022408961	0.013230844680146
EleutherAI/pythia-1.4b	step16000	isp_redefine	0.6639871382636651	0.013397452312536001
EleutherAI/pythia-1.4b	step16000	isp_repetitive_algebra	0.629	0.015283736211823001
EleutherAI/pythia-1.4b	step16000	isp_resisting_correction	0.891339869281045	0.003631784023993
EleutherAI/pythia-1.4b	step16000	isp_sig_figs	0.37450351725128	0.003348180067362
EleutherAI/pythia-1.4b	step16000	truthfulqa_mc1	0.23745410036719702	0.014896277441041002
EleutherAI/pythia-1.4b	step16000	truthfulqa_mc2	0.41470407655350505	0.014844955256631001
EleutherAI/pythia-2.8b	step2000	isp_hindsight_neglect	0.549206349206349	0.028079660068225
EleutherAI/pythia-2.8b	step2000	isp_into_the_unknown	0.49342105263157804	0.011709519441788
EleutherAI/pythia-2.8b	step2000	isp_memo_trap	0.8803418803418801	0.010614290339929
EleutherAI/pythia-2.8b	step2000	isp_modus_tollens	0.949029126213592	0.00625845784395
EleutherAI/pythia-2.8b	step2000	isp_neqa	0.45666666666666605	0.028806947219396
EleutherAI/pythia-2.8b	step2000	isp_pattern_matching_suppression	0.698879551820728	0.012143931376762
EleutherAI/pythia-2.8b	step2000	isp_redefine	0.593247588424437	0.013933091675821001
EleutherAI/pythia-2.8b	step2000	isp_repetitive_algebra	0.353	0.015120172605483002
EleutherAI/pythia-2.8b	step2000	isp_resisting_correction	0.675517429193899	0.005463578689320001
EleutherAI/pythia-2.8b	step2000	isp_sig_figs	0.39130018662965904	0.0033761756401520003
EleutherAI/pythia-2.8b	step2000	truthfulqa_mc1	0.25458996328029304	0.015250117079156002
EleutherAI/pythia-2.8b	step2000	truthfulqa_mc2	0.47466632518753504	0.015487751581832002
EleutherAI/pythia-1.4b	step143000	isp_hindsight_neglect	0.42539682539682505	0.027900777694976002
EleutherAI/pythia-1.4b	step143000	isp_into_the_unknown	0.491228070175438	0.011708730895408002
EleutherAI/pythia-1.4b	step143000	isp_memo_trap	0.770299145299145	0.013756413071321002
EleutherAI/pythia-1.4b	step143000	isp_modus_tollens	0.0	0.0
EleutherAI/pythia-1.4b	step143000	isp_neqa	0.45666666666666605	0.028806947219396
EleutherAI/pythia-1.4b	step143000	isp_pattern_matching_suppression	0.077030812324929	0.007058523317295001
EleutherAI/pythia-1.4b	step143000	isp_redefine	0.645498392282958	0.013568165199206
EleutherAI/pythia-1.4b	step143000	isp_repetitive_algebra	0.384	0.015387682761897002
EleutherAI/pythia-1.4b	step143000	isp_resisting_correction	0.8661492374727661	0.003973470786819
EleutherAI/pythia-1.4b	step143000	isp_sig_figs	0.396085562520936	0.003383378868686
EleutherAI/pythia-1.4b	step143000	truthfulqa_mc1	0.22766217870257002	0.014679255032111002
EleutherAI/pythia-1.4b	step143000	truthfulqa_mc2	0.38868215818144103	0.014262101283245001
EleutherAI/pythia-6.9b	step143000	isp_hindsight_neglect	0.453968253968253	0.028096800277810002
EleutherAI/pythia-6.9b	step143000	isp_into_the_unknown	0.48410087719298206	0.011704611285281
EleutherAI/pythia-6.9b	step143000	isp_memo_trap	0.693376068376068	0.015079316009517
EleutherAI/pythia-6.9b	step143000	isp_modus_tollens	0.5703883495145631	0.014086070882864002
EleutherAI/pythia-6.9b	step143000	isp_neqa	0.45	0.028770804599878002
EleutherAI/pythia-6.9b	step143000	isp_pattern_matching_suppression	0.0	0.0
EleutherAI/pythia-6.9b	step143000	isp_redefine	0.47749196141479106	0.014167523971319
EleutherAI/pythia-6.9b	step143000	isp_repetitive_algebra	0.494	0.015818160898606
EleutherAI/pythia-6.9b	step143000	isp_resisting_correction	0.8357843137254901	0.004323322803994
EleutherAI/pythia-6.9b	step143000	isp_sig_figs	0.375412738670622	0.0033498046724440003
EleutherAI/pythia-6.9b	step143000	truthfulqa_mc1	0.21787025703794302	0.014450846714123002
EleutherAI/pythia-6.9b	step143000	truthfulqa_mc2	0.352463726030153	0.013627885265854001
EleutherAI/pythia-12b	step64000	isp_hindsight_neglect	0.317460317460317	0.026269018848607002
EleutherAI/pythia-12b	step64000	isp_into_the_unknown	0.48793859649122806	0.011707125476164001
EleutherAI/pythia-12b	step64000	isp_memo_trap	0.744658119658119	0.014260464943757002
EleutherAI/pythia-12b	step64000	isp_modus_tollens	0.9530744336569571	0.0060177576335680005
EleutherAI/pythia-12b	step64000	isp_neqa	0.47000000000000003	0.028863651326417
EleutherAI/pythia-12b	step64000	isp_pattern_matching_suppression	0.025210084033613002	0.004149833516863001
EleutherAI/pythia-12b	step64000	isp_redefine	0.577974276527331	0.014008387678171001
EleutherAI/pythia-12b	step64000	isp_repetitive_algebra	0.20600000000000002	0.012795613612786002
EleutherAI/pythia-12b	step64000	isp_resisting_correction	0.7768246187363831	0.004859010850412001
EleutherAI/pythia-12b	step64000	isp_sig_figs	0.39876537302005005	0.0033872646693300004
EleutherAI/pythia-12b	step64000	truthfulqa_mc1	0.19951040391676803	0.013989929967559002
EleutherAI/pythia-12b	step64000	truthfulqa_mc2	0.35704308356185205	0.013534977134008001
EleutherAI/pythia-6.9b	step16000	isp_hindsight_neglect	0.549206349206349	0.028079660068225
EleutherAI/pythia-6.9b	step16000	isp_into_the_unknown	0.490679824561403	0.011708498545722
EleutherAI/pythia-6.9b	step16000	isp_memo_trap	0.823717948717948	0.012461993114374001
EleutherAI/pythia-6.9b	step16000	isp_modus_tollens	0.921521035598705	0.007652366813768001
EleutherAI/pythia-6.9b	step16000	isp_neqa	0.46	0.028823067684915
EleutherAI/pythia-6.9b	step16000	isp_pattern_matching_suppression	0.063025210084033	0.0064329343221360006
EleutherAI/pythia-6.9b	step16000	isp_redefine	0.62540192926045	0.013728617723571
EleutherAI/pythia-6.9b	step16000	isp_repetitive_algebra	0.427	0.015649789644462002
EleutherAI/pythia-6.9b	step16000	isp_resisting_correction	0.8721405228758171	0.003896932926851
EleutherAI/pythia-6.9b	step16000	isp_sig_figs	0.380198114561898	0.003358148106085
EleutherAI/pythia-6.9b	step16000	truthfulqa_mc1	0.23745410036719702	0.014896277441041002
EleutherAI/pythia-6.9b	step16000	truthfulqa_mc2	0.40113046554303106	0.014593508600797
EleutherAI/pythia-160m	step8000	isp_hindsight_neglect	0.48888888888888804	0.028209664469082
EleutherAI/pythia-160m	step8000	isp_into_the_unknown	0.475877192982456	0.011696896320542001
EleutherAI/pythia-160m	step8000	isp_memo_trap	0.8728632478632471	0.010894388409447
EleutherAI/pythia-160m	step8000	isp_modus_tollens	1.0	0.0
EleutherAI/pythia-160m	step8000	isp_neqa	0.45666666666666605	0.028806947219396
EleutherAI/pythia-160m	step8000	isp_pattern_matching_suppression	0.36134453781512604	0.012716924004497001
EleutherAI/pythia-160m	step8000	isp_redefine	0.657556270096463	0.013459394006042001
EleutherAI/pythia-160m	step8000	isp_repetitive_algebra	0.647	0.015120172605483002
EleutherAI/pythia-160m	step8000	isp_resisting_correction	0.721405228758169	0.00523165816261
EleutherAI/pythia-160m	step8000	isp_sig_figs	0.38297363257883904	0.003362828495827
EleutherAI/pythia-160m	step8000	truthfulqa_mc1	0.258261933904528	0.015321821688476001
EleutherAI/pythia-160m	step8000	truthfulqa_mc2	0.46113784404998204	0.015547537039832
EleutherAI/pythia-160m	step32000	isp_hindsight_neglect	0.542857142857142	0.028112788378274002
EleutherAI/pythia-160m	step32000	isp_into_the_unknown	0.48848684210526305	0.011707428269444
EleutherAI/pythia-160m	step32000	isp_memo_trap	0.8632478632478631	0.01123644708752
EleutherAI/pythia-160m	step32000	isp_modus_tollens	1.0	0.0
EleutherAI/pythia-160m	step32000	isp_neqa	0.45666666666666605	0.028806947219396
EleutherAI/pythia-160m	step32000	isp_pattern_matching_suppression	0.252100840336134	0.011494674634195
EleutherAI/pythia-160m	step32000	isp_redefine	0.6792604501607711	0.013239112043397
EleutherAI/pythia-160m	step32000	isp_repetitive_algebra	0.258	0.013842963108656
EleutherAI/pythia-160m	step32000	isp_resisting_correction	0.7542211328976031	0.00502440747895
EleutherAI/pythia-160m	step32000	isp_sig_figs	0.391778724218787	0.0033769112581320004
EleutherAI/pythia-160m	step32000	truthfulqa_mc1	0.244798041615667	0.015051869486715
EleutherAI/pythia-160m	step32000	truthfulqa_mc2	0.446259677031193	0.015236309414859001
EleutherAI/pythia-70m	step8000	isp_hindsight_neglect	0.533333333333333	0.028153858945648
EleutherAI/pythia-70m	step8000	isp_into_the_unknown	0.486842105263157	0.011706477613072001
EleutherAI/pythia-70m	step8000	isp_memo_trap	0.8963675213675211	0.009967475879398
EleutherAI/pythia-70m	step8000	isp_modus_tollens	1.0	0.0
EleutherAI/pythia-70m	step8000	isp_neqa	0.45666666666666605	0.028806947219396
EleutherAI/pythia-70m	step8000	isp_pattern_matching_suppression	0.42857142857142805	0.013100280550970001
EleutherAI/pythia-70m	step8000	isp_redefine	0.5144694533762051	0.014175961061546002
EleutherAI/pythia-70m	step8000	isp_repetitive_algebra	0.723	0.014158794845306001
EleutherAI/pythia-70m	step8000	isp_resisting_correction	0.630582788671024	0.005632391768055
EleutherAI/pythia-70m	step8000	isp_sig_figs	0.391539455424223	0.0033765438748770004
EleutherAI/pythia-70m	step8000	truthfulqa_mc1	0.269277845777233	0.015528566637087002
EleutherAI/pythia-70m	step8000	truthfulqa_mc2	0.47591756995453904	0.015771153668147003
EleutherAI/pythia-160m	step64000	isp_hindsight_neglect	0.514285714285714	0.028205113054972003
EleutherAI/pythia-160m	step64000	isp_into_the_unknown	0.49013157894736803	0.011708252109196
EleutherAI/pythia-160m	step64000	isp_memo_trap	0.8675213675213671	0.011086825269739
EleutherAI/pythia-160m	step64000	isp_modus_tollens	0.9983818770226531	0.0011437224031760002
EleutherAI/pythia-160m	step64000	isp_neqa	0.45666666666666605	0.028806947219396
EleutherAI/pythia-160m	step64000	isp_pattern_matching_suppression	0.38795518207282903	0.012899426571340002
EleutherAI/pythia-160m	step64000	isp_redefine	0.635048231511254	0.013654805782946
EleutherAI/pythia-160m	step64000	isp_repetitive_algebra	0.41100000000000003	0.015566673418599
EleutherAI/pythia-160m	step64000	isp_resisting_correction	0.8017429193899781	0.004652593995427
EleutherAI/pythia-160m	step64000	isp_sig_figs	0.38938603627314905	0.0033731990758890003
EleutherAI/pythia-160m	step64000	truthfulqa_mc1	0.25458996328029304	0.015250117079156002
EleutherAI/pythia-160m	step64000	truthfulqa_mc2	0.43987606741716906	0.015159096003922002
EleutherAI/pythia-160m	step143000	isp_hindsight_neglect	0.555555555555555	0.028041914729170003
EleutherAI/pythia-160m	step143000	isp_into_the_unknown	0.48958333333333304	0.011707991584944
EleutherAI/pythia-160m	step143000	isp_memo_trap	0.848290598290598	0.011732019312872
EleutherAI/pythia-160m	step143000	isp_modus_tollens	0.9991909385113261	0.0008090614886730001
EleutherAI/pythia-160m	step143000	isp_neqa	0.45666666666666605	0.028806947219396
EleutherAI/pythia-160m	step143000	isp_pattern_matching_suppression	0.39425770308123204	0.012936656811094
EleutherAI/pythia-160m	step143000	isp_redefine	0.618167202572347	0.013780152698573002
EleutherAI/pythia-160m	step143000	isp_repetitive_algebra	0.203	0.012726073744598
EleutherAI/pythia-160m	step143000	isp_resisting_correction	0.7796840958605661	0.004836659321547
EleutherAI/pythia-160m	step143000	isp_sig_figs	0.391443747906398	0.003376396683179
EleutherAI/pythia-160m	step143000	truthfulqa_mc1	0.24357405140758803	0.015026354824910002
EleutherAI/pythia-160m	step143000	truthfulqa_mc2	0.442955611751201	0.014937891677755001
EleutherAI/pythia-12b	step8000	isp_hindsight_neglect	0.5460317460317461	0.028096800277810002
EleutherAI/pythia-12b	step8000	isp_into_the_unknown	0.49287280701754305	0.011709343431575
EleutherAI/pythia-12b	step8000	isp_memo_trap	0.8653846153846151	0.011162105624306001
EleutherAI/pythia-12b	step8000	isp_modus_tollens	0.8495145631067961	0.010174174266498
EleutherAI/pythia-12b	step8000	isp_neqa	0.45666666666666605	0.028806947219396
EleutherAI/pythia-12b	step8000	isp_pattern_matching_suppression	0.246498599439775	0.011408729243568
EleutherAI/pythia-12b	step8000	isp_redefine	0.628617363344051	0.013704664861841001
EleutherAI/pythia-12b	step8000	isp_repetitive_algebra	0.678	0.014782913600996001
EleutherAI/pythia-12b	step8000	isp_resisting_correction	0.8585239651416121	0.004067062879478001
EleutherAI/pythia-12b	step8000	isp_sig_figs	0.391683016700961	0.003376764406989
EleutherAI/pythia-12b	step8000	truthfulqa_mc1	0.23378212974296203	0.014816195991931002
EleutherAI/pythia-12b	step8000	truthfulqa_mc2	0.40657752989857004	0.014766396023998
EleutherAI/pythia-12b	step32000	isp_hindsight_neglect	0.501587301587301	0.028216490213700002
EleutherAI/pythia-12b	step32000	isp_into_the_unknown	0.491228070175438	0.011708730895408002
EleutherAI/pythia-12b	step32000	isp_memo_trap	0.8119658119658121	0.012778547035836
EleutherAI/pythia-12b	step32000	isp_modus_tollens	1.0	0.0
EleutherAI/pythia-12b	step32000	isp_neqa	0.46	0.028823067684915
EleutherAI/pythia-12b	step32000	isp_pattern_matching_suppression	0.070028011204481	0.006755520924778001
EleutherAI/pythia-12b	step32000	isp_redefine	0.5972668810289381	0.013910967152711002
EleutherAI/pythia-12b	step32000	isp_repetitive_algebra	0.5630000000000001	0.015693223928730002
EleutherAI/pythia-12b	step32000	isp_resisting_correction	0.8227124183006531	0.004456833607023001
EleutherAI/pythia-12b	step32000	isp_sig_figs	0.36450208163851205	0.003329472964893
EleutherAI/pythia-12b	step32000	truthfulqa_mc1	0.211750305997552	0.014302068353925002
EleutherAI/pythia-12b	step32000	truthfulqa_mc2	0.381726745541817	0.013957927629479
EleutherAI/pythia-160m	step4000	isp_hindsight_neglect	0.5523809523809521	0.028061365638353004
EleutherAI/pythia-160m	step4000	isp_into_the_unknown	0.5038377192982451	0.011710188256469
EleutherAI/pythia-160m	step4000	isp_memo_trap	0.838675213675213	0.012029335783960001
EleutherAI/pythia-160m	step4000	isp_modus_tollens	1.0	0.0
EleutherAI/pythia-160m	step4000	isp_neqa	0.48	0.028892604740584003
EleutherAI/pythia-160m	step4000	isp_pattern_matching_suppression	0.44607843137254904	0.013158844775326
EleutherAI/pythia-160m	step4000	isp_redefine	0.5546623794212211	0.014096895588251002
EleutherAI/pythia-160m	step4000	isp_repetitive_algebra	0.594	0.015537226438634002
EleutherAI/pythia-160m	step4000	isp_resisting_correction	0.5916394335511981	0.00573606007277
EleutherAI/pythia-160m	step4000	isp_sig_figs	0.314303488539024	0.00321150787195
EleutherAI/pythia-160m	step4000	truthfulqa_mc1	0.255813953488372	0.015274176219283002
EleutherAI/pythia-160m	step4000	truthfulqa_mc2	0.46131747747064406	0.015588825253017002
EleutherAI/pythia-410m	step16000	isp_hindsight_neglect	0.453968253968253	0.028096800277810002
EleutherAI/pythia-410m	step16000	isp_into_the_unknown	0.491228070175438	0.011708730895408002
EleutherAI/pythia-410m	step16000	isp_memo_trap	0.856837606837606	0.011454019790206
EleutherAI/pythia-410m	step16000	isp_modus_tollens	0.996763754045307	0.0016161564508210002
EleutherAI/pythia-410m	step16000	isp_neqa	0.45666666666666605	0.028806947219396
EleutherAI/pythia-410m	step16000	isp_pattern_matching_suppression	0.473389355742296	0.013217279510321001
EleutherAI/pythia-410m	step16000	isp_redefine	0.648713826366559	0.013540089690966001
EleutherAI/pythia-410m	step16000	isp_repetitive_algebra	0.296	0.014442734941575
EleutherAI/pythia-410m	step16000	isp_resisting_correction	0.840686274509803	0.004270776173533
EleutherAI/pythia-410m	step16000	isp_sig_figs	0.389673158826625	0.0033736490413160004
EleutherAI/pythia-410m	step16000	truthfulqa_mc1	0.24112607099143202	0.014974827279752
EleutherAI/pythia-410m	step16000	truthfulqa_mc2	0.430887956039789	0.015221132329658
EleutherAI/pythia-6.9b	step2000	isp_hindsight_neglect	0.463492063492063	0.028141315964997003
EleutherAI/pythia-6.9b	step2000	isp_into_the_unknown	0.48190789473684204	0.011702864414571001
EleutherAI/pythia-6.9b	step2000	isp_memo_trap	0.8472222222222221	0.01176584054078
EleutherAI/pythia-6.9b	step2000	isp_modus_tollens	1.0	0.0
EleutherAI/pythia-6.9b	step2000	isp_neqa	0.45666666666666605	0.028806947219396
EleutherAI/pythia-6.9b	step2000	isp_pattern_matching_suppression	0.6050420168067221	0.012940654113119001
EleutherAI/pythia-6.9b	step2000	isp_redefine	0.6816720257234721	0.013212639158145
EleutherAI/pythia-6.9b	step2000	isp_repetitive_algebra	0.466	0.015782683329937
EleutherAI/pythia-6.9b	step2000	isp_resisting_correction	0.641476034858387	0.005596448986495001
EleutherAI/pythia-6.9b	step2000	isp_sig_figs	0.391539455424223	0.0033765438748770004
EleutherAI/pythia-6.9b	step2000	truthfulqa_mc1	0.260709914320685	0.015368841620766
EleutherAI/pythia-6.9b	step2000	truthfulqa_mc2	0.47319428246419504	0.015463208417721001
EleutherAI/pythia-2.8b	step16000	isp_hindsight_neglect	0.48571428571428504	0.028205113054972003
EleutherAI/pythia-2.8b	step16000	isp_into_the_unknown	0.49287280701754305	0.011709343431575
EleutherAI/pythia-2.8b	step16000	isp_memo_trap	0.8269230769230761	0.012372182951664002
EleutherAI/pythia-2.8b	step16000	isp_modus_tollens	1.0	0.0
EleutherAI/pythia-2.8b	step16000	isp_neqa	0.45	0.028770804599878002
EleutherAI/pythia-2.8b	step16000	isp_pattern_matching_suppression	0.46568627450980304	0.013204832529511
EleutherAI/pythia-2.8b	step16000	isp_redefine	0.6197749196141471	0.013768981446189
EleutherAI/pythia-2.8b	step16000	isp_repetitive_algebra	0.491	0.015816736995005
EleutherAI/pythia-2.8b	step16000	isp_resisting_correction	0.898692810457516	0.0035211862982450002
EleutherAI/pythia-2.8b	step16000	isp_sig_figs	0.38000669952624705	0.0033578210331140002
EleutherAI/pythia-2.8b	step16000	truthfulqa_mc1	0.22888616891064803	0.014706994909055
EleutherAI/pythia-2.8b	step16000	truthfulqa_mc2	0.397551544694407	0.014574419322686001
EleutherAI/pythia-160m	step128000	isp_hindsight_neglect	0.53015873015873	0.028165256808123002
EleutherAI/pythia-160m	step128000	isp_into_the_unknown	0.48848684210526305	0.011707428269444
EleutherAI/pythia-160m	step128000	isp_memo_trap	0.8547008547008541	0.011524783973730001
EleutherAI/pythia-160m	step128000	isp_modus_tollens	1.0	0.0
EleutherAI/pythia-160m	step128000	isp_neqa	0.45666666666666605	0.028806947219396
EleutherAI/pythia-160m	step128000	isp_pattern_matching_suppression	0.45028011204481705	0.013170435046514
EleutherAI/pythia-160m	step128000	isp_redefine	0.586012861736334	0.013970483412203001
EleutherAI/pythia-160m	step128000	isp_repetitive_algebra	0.35100000000000003	0.015100563798316001
EleutherAI/pythia-160m	step128000	isp_resisting_correction	0.773828976034858	0.004882072358808
EleutherAI/pythia-160m	step128000	isp_sig_figs	0.39158730918313606	0.0033766174196370002
EleutherAI/pythia-160m	step128000	truthfulqa_mc1	0.23133414932680502	0.014761945174862002
EleutherAI/pythia-160m	step128000	truthfulqa_mc2	0.43397886953603504	0.015046838210433
EleutherAI/pythia-1b	step8000	isp_hindsight_neglect	0.47619047619047605	0.028184622595998004
EleutherAI/pythia-1b	step8000	isp_into_the_unknown	0.48958333333333304	0.011707991584944
EleutherAI/pythia-1b	step8000	isp_memo_trap	0.8450854700854701	0.011832883499386
EleutherAI/pythia-1b	step8000	isp_modus_tollens	0.99757281553398	0.00140020046037
EleutherAI/pythia-1b	step8000	isp_neqa	0.45666666666666605	0.028806947219396
EleutherAI/pythia-1b	step8000	isp_pattern_matching_suppression	0.410364145658263	0.013021609273449001
EleutherAI/pythia-1b	step8000	isp_redefine	0.6720257234726681	0.013316106980631001
EleutherAI/pythia-1b	step8000	isp_repetitive_algebra	0.28700000000000003	0.014312087053809002
EleutherAI/pythia-1b	step8000	isp_resisting_correction	0.8706427015250541	0.003916324651403001
EleutherAI/pythia-1b	step8000	isp_sig_figs	0.39130018662965904	0.0033761756401520003
EleutherAI/pythia-1b	step8000	truthfulqa_mc1	0.24112607099143202	0.014974827279752
EleutherAI/pythia-1b	step8000	truthfulqa_mc2	0.43839504789092804	0.014874401841394002
EleutherAI/pythia-410m	step32000	isp_hindsight_neglect	0.48571428571428504	0.028205113054972003
EleutherAI/pythia-410m	step32000	isp_into_the_unknown	0.48793859649122806	0.011707125476164001
EleutherAI/pythia-410m	step32000	isp_memo_trap	0.810897435897435	0.012806364742463001
EleutherAI/pythia-410m	step32000	isp_modus_tollens	1.0	0.0
EleutherAI/pythia-410m	step32000	isp_neqa	0.46333333333333304	0.028837890554337
EleutherAI/pythia-410m	step32000	isp_pattern_matching_suppression	0.420868347338935	0.013069223854397
EleutherAI/pythia-410m	step32000	isp_redefine	0.6045016077170411	0.013868692756158001
EleutherAI/pythia-410m	step32000	isp_repetitive_algebra	0.316	0.014709193056057002
EleutherAI/pythia-410m	step32000	isp_resisting_correction	0.8858932461873631	0.0037103049563320003
EleutherAI/pythia-410m	step32000	isp_sig_figs	0.39053452648705506	0.003374991563914
EleutherAI/pythia-410m	step32000	truthfulqa_mc1	0.244798041615667	0.015051869486715
EleutherAI/pythia-410m	step32000	truthfulqa_mc2	0.436115795190387	0.014789949066087
EleutherAI/pythia-70m	step32000	isp_hindsight_neglect	0.5111111111111111	0.028209664469082
EleutherAI/pythia-70m	step32000	isp_into_the_unknown	0.49616228070175405	0.011710188256469
EleutherAI/pythia-70m	step32000	isp_memo_trap	0.9145299145299141	0.009143242147202
EleutherAI/pythia-70m	step32000	isp_modus_tollens	1.0	0.0
EleutherAI/pythia-70m	step32000	isp_neqa	0.46666666666666606	0.028851417827642
EleutherAI/pythia-70m	step32000	isp_pattern_matching_suppression	0.226890756302521	0.01108707148775
EleutherAI/pythia-70m	step32000	isp_redefine	0.52491961414791	0.014164276186801002
EleutherAI/pythia-70m	step32000	isp_repetitive_algebra	0.555	0.01572330188676
EleutherAI/pythia-70m	step32000	isp_resisting_correction	0.675381263616557	0.005464174138485001
EleutherAI/pythia-70m	step32000	isp_sig_figs	0.37613054505431404	0.0033510783598680004
EleutherAI/pythia-70m	step32000	truthfulqa_mc1	0.255813953488372	0.015274176219283002
EleutherAI/pythia-70m	step32000	truthfulqa_mc2	0.46720506028928904	0.015544786572881001
EleutherAI/pythia-1b	step16000	isp_hindsight_neglect	0.44761904761904703	0.028061365638353004
EleutherAI/pythia-1b	step16000	isp_into_the_unknown	0.490679824561403	0.011708498545722
EleutherAI/pythia-1b	step16000	isp_memo_trap	0.8269230769230761	0.012372182951664002
EleutherAI/pythia-1b	step16000	isp_modus_tollens	0.602750809061488	0.013924093563625001
EleutherAI/pythia-1b	step16000	isp_neqa	0.45333333333333303	0.028789526978043004
EleutherAI/pythia-1b	step16000	isp_pattern_matching_suppression	0.554621848739495	0.013156820652073001
EleutherAI/pythia-1b	step16000	isp_redefine	0.6366559485530541	0.013641931469836001
EleutherAI/pythia-1b	step16000	isp_repetitive_algebra	0.483	0.015810153729833
EleutherAI/pythia-1b	step16000	isp_resisting_correction	0.8541666666666661	0.004118726432413
EleutherAI/pythia-1b	step16000	isp_sig_figs	0.37182370675216503	0.003343318330963
EleutherAI/pythia-1b	step16000	truthfulqa_mc1	0.252141982864137	0.015201522246299
EleutherAI/pythia-1b	step16000	truthfulqa_mc2	0.42674114087163706	0.014919375279249001
EleutherAI/pythia-1.4b	step4000	isp_hindsight_neglect	0.5047619047619041	0.028215352704267
EleutherAI/pythia-1.4b	step4000	isp_into_the_unknown	0.487390350877192	0.011706808591087001
EleutherAI/pythia-1.4b	step4000	isp_memo_trap	0.8653846153846151	0.011162105624306001
EleutherAI/pythia-1.4b	step4000	isp_modus_tollens	0.9991909385113261	0.0008090614886730001
EleutherAI/pythia-1.4b	step4000	isp_neqa	0.45666666666666605	0.028806947219396
EleutherAI/pythia-1.4b	step4000	isp_pattern_matching_suppression	0.6274509803921561	0.012798811032208
EleutherAI/pythia-1.4b	step4000	isp_redefine	0.668006430868167	0.013357328076538002
EleutherAI/pythia-1.4b	step4000	isp_repetitive_algebra	0.788	0.012931481864938001
EleutherAI/pythia-1.4b	step4000	isp_resisting_correction	0.715277777777777	0.005266368986134
EleutherAI/pythia-1.4b	step4000	isp_sig_figs	0.390630234004881	0.0033751400507360005
EleutherAI/pythia-1.4b	step4000	truthfulqa_mc1	0.24235006119951003	0.015000674373570002
EleutherAI/pythia-1.4b	step4000	truthfulqa_mc2	0.443909804056596	0.015363319685455
EleutherAI/pythia-12b	step2000	isp_hindsight_neglect	0.542857142857142	0.028112788378274002
EleutherAI/pythia-12b	step2000	isp_into_the_unknown	0.483552631578947	0.011704195722739001
EleutherAI/pythia-12b	step2000	isp_memo_trap	0.846153846153846	0.011799461366882001
EleutherAI/pythia-12b	step2000	isp_modus_tollens	1.0	0.0
EleutherAI/pythia-12b	step2000	isp_neqa	0.46	0.028823067684915
EleutherAI/pythia-12b	step2000	isp_pattern_matching_suppression	0.661764705882352	0.012524179275494
EleutherAI/pythia-12b	step2000	isp_redefine	0.5618971061093241	0.014072812272522
EleutherAI/pythia-12b	step2000	isp_repetitive_algebra	0.516	0.015811198373114
EleutherAI/pythia-12b	step2000	isp_resisting_correction	0.717592592592592	0.005253397357971
EleutherAI/pythia-12b	step2000	isp_sig_figs	0.388811791166196	0.0033722954552440005
EleutherAI/pythia-12b	step2000	truthfulqa_mc1	0.26438188494492004	0.015438211119522002
EleutherAI/pythia-12b	step2000	truthfulqa_mc2	0.478821334218527	0.015422475521823001
EleutherAI/pythia-70m	step2000	isp_hindsight_neglect	0.568253968253968	0.027952495861671003
EleutherAI/pythia-70m	step2000	isp_into_the_unknown	0.48190789473684204	0.011702864414571001
EleutherAI/pythia-70m	step2000	isp_memo_trap	0.81517094017094	0.012694151184752001
EleutherAI/pythia-70m	step2000	isp_modus_tollens	0.546116504854368	0.014167113311432
EleutherAI/pythia-70m	step2000	isp_neqa	0.46	0.028823067684915
EleutherAI/pythia-70m	step2000	isp_pattern_matching_suppression	0.257703081232492	0.011578082717289
EleutherAI/pythia-70m	step2000	isp_redefine	0.45257234726688106	0.014117955501531
EleutherAI/pythia-70m	step2000	isp_repetitive_algebra	0.638	0.015204840912919002
EleutherAI/pythia-70m	step2000	isp_resisting_correction	0.47903050108932405	0.0058297639203430006
EleutherAI/pythia-70m	step2000	isp_sig_figs	0.391539455424223	0.0033765438748770004
EleutherAI/pythia-70m	step2000	truthfulqa_mc1	0.27417380660954704	0.015616518497219001
EleutherAI/pythia-70m	step2000	truthfulqa_mc2	0.49400437905721806	0.015747323636131003
EleutherAI/pythia-12b	step128000	isp_hindsight_neglect	0.355555555555555	0.027013549470538002
EleutherAI/pythia-12b	step128000	isp_into_the_unknown	0.491228070175438	0.011708730895408002
EleutherAI/pythia-12b	step128000	isp_memo_trap	0.6485042735042731	0.015613872919334
EleutherAI/pythia-12b	step128000	isp_modus_tollens	0.9749190938511321	0.004449614848966
EleutherAI/pythia-12b	step128000	isp_neqa	0.48	0.028892604740584003
EleutherAI/pythia-12b	step128000	isp_pattern_matching_suppression	0.0028011204481790002	0.0013990872418510002
EleutherAI/pythia-12b	step128000	isp_redefine	0.530546623794212	0.014155409797260002
EleutherAI/pythia-12b	step128000	isp_repetitive_algebra	0.269	0.014029819522568002
EleutherAI/pythia-12b	step128000	isp_resisting_correction	0.7130991285403051	0.005278422171995
EleutherAI/pythia-12b	step128000	isp_sig_figs	0.378188256687562	0.0033546861808080005
EleutherAI/pythia-12b	step128000	truthfulqa_mc1	0.20318237454100302	0.014085666526340001
EleutherAI/pythia-12b	step128000	truthfulqa_mc2	0.321971906023082	0.013329637389073001
EleutherAI/pythia-12b	step143000	isp_hindsight_neglect	0.24126984126984102	0.024145175631025
EleutherAI/pythia-12b	step143000	isp_into_the_unknown	0.5	0.01171053320911
EleutherAI/pythia-12b	step143000	isp_memo_trap	0.6559829059829061	0.015535687157157
EleutherAI/pythia-12b	step143000	isp_modus_tollens	1.0	0.0
EleutherAI/pythia-12b	step143000	isp_neqa	0.47333333333333305	0.028874592695089
EleutherAI/pythia-12b	step143000	isp_pattern_matching_suppression	0.007002801120448001	0.0022074858144100003
EleutherAI/pythia-12b	step143000	isp_redefine	0.5088424437299031	0.014179682789596
EleutherAI/pythia-12b	step143000	isp_repetitive_algebra	0.106	0.009739551265785
EleutherAI/pythia-12b	step143000	isp_resisting_correction	0.67088779956427	0.005483529371687001
EleutherAI/pythia-12b	step143000	isp_sig_figs	0.390725941522706	0.0033752884011530003
EleutherAI/pythia-12b	step143000	truthfulqa_mc1	0.20563035495716	0.014148482219460001
EleutherAI/pythia-12b	step143000	truthfulqa_mc2	0.317779623041822	0.013099330399944
EleutherAI/pythia-70m	step143000	isp_hindsight_neglect	0.501587301587301	0.028216490213700002
EleutherAI/pythia-70m	step143000	isp_into_the_unknown	0.48793859649122806	0.011707125476164001
EleutherAI/pythia-70m	step143000	isp_memo_trap	0.8728632478632471	0.010894388409447
EleutherAI/pythia-70m	step143000	isp_modus_tollens	0.527508090614886	0.014206211361782002
EleutherAI/pythia-70m	step143000	isp_neqa	0.45666666666666605	0.028806947219396
EleutherAI/pythia-70m	step143000	isp_pattern_matching_suppression	0.253501400560224	0.011515762345263001
EleutherAI/pythia-70m	step143000	isp_redefine	0.49598070739549804	0.014181442478460001
EleutherAI/pythia-70m	step143000	isp_repetitive_algebra	0.671	0.014865395385928001
EleutherAI/pythia-70m	step143000	isp_resisting_correction	0.620234204793028	0.0056636840155300005
EleutherAI/pythia-70m	step143000	isp_sig_figs	0.39163516294204903	0.003376690930339
EleutherAI/pythia-70m	step143000	truthfulqa_mc1	0.244798041615667	0.015051869486715
EleutherAI/pythia-70m	step143000	truthfulqa_mc2	0.47193371608779605	0.015564140967058002
EleutherAI/pythia-6.9b	step8000	isp_hindsight_neglect	0.5238095238095231	0.028184622595998004
EleutherAI/pythia-6.9b	step8000	isp_into_the_unknown	0.49232456140350805	0.011709153337573
EleutherAI/pythia-6.9b	step8000	isp_memo_trap	0.8621794871794871	0.011273271548575001
EleutherAI/pythia-6.9b	step8000	isp_modus_tollens	0.8098705501618121	0.011166035912984
EleutherAI/pythia-6.9b	step8000	isp_neqa	0.45666666666666605	0.028806947219396
EleutherAI/pythia-6.9b	step8000	isp_pattern_matching_suppression	0.40476190476190405	0.012993710548414
EleutherAI/pythia-6.9b	step8000	isp_redefine	0.6237942122186491	0.013740351489962001
EleutherAI/pythia-6.9b	step8000	isp_repetitive_algebra	0.764	0.013434451402438001
EleutherAI/pythia-6.9b	step8000	isp_resisting_correction	0.8849400871459691	0.0037237643570810003
EleutherAI/pythia-6.9b	step8000	isp_sig_figs	0.389768866344451	0.003373798756595
EleutherAI/pythia-6.9b	step8000	truthfulqa_mc1	0.250917992656058	0.015176985027707
EleutherAI/pythia-6.9b	step8000	truthfulqa_mc2	0.42572006804350904	0.014745143524533
EleutherAI/pythia-410m	step2000	isp_hindsight_neglect	0.526984126984127	0.028175510942128
EleutherAI/pythia-410m	step2000	isp_into_the_unknown	0.48574561403508704	0.011705773373391001
EleutherAI/pythia-410m	step2000	isp_memo_trap	0.846153846153846	0.011799461366882001
EleutherAI/pythia-410m	step2000	isp_modus_tollens	0.5121359223300971	0.014223568266868
EleutherAI/pythia-410m	step2000	isp_neqa	0.46	0.028823067684915
EleutherAI/pythia-410m	step2000	isp_pattern_matching_suppression	0.401960784313725	0.012979103257345002
EleutherAI/pythia-410m	step2000	isp_redefine	0.590032154340836	0.013950095262457001
EleutherAI/pythia-410m	step2000	isp_repetitive_algebra	0.327	0.014842213153411
EleutherAI/pythia-410m	step2000	isp_resisting_correction	0.557325708061002	0.00579642104772
EleutherAI/pythia-410m	step2000	isp_sig_figs	0.391539455424223	0.0033765438748770004
EleutherAI/pythia-410m	step2000	truthfulqa_mc1	0.275397796817625	0.015638135667775003
EleutherAI/pythia-410m	step2000	truthfulqa_mc2	0.488450024587385	0.015614969560312001
EleutherAI/pythia-1b	step2000	isp_hindsight_neglect	0.5777777777777771	0.027873155434897
EleutherAI/pythia-1b	step2000	isp_into_the_unknown	0.49561403508771906	0.011710082656691
EleutherAI/pythia-1b	step2000	isp_memo_trap	0.897435897435897	0.009921871666049001
EleutherAI/pythia-1b	step2000	isp_modus_tollens	0.44660194174757206	0.014146390431727001
EleutherAI/pythia-1b	step2000	isp_neqa	0.45666666666666605	0.028806947219396
EleutherAI/pythia-1b	step2000	isp_pattern_matching_suppression	0.5140056022408961	0.013230844680146
EleutherAI/pythia-1b	step2000	isp_redefine	0.585209003215434	0.013974445870451001
EleutherAI/pythia-1b	step2000	isp_repetitive_algebra	0.63	0.015275252316519002
EleutherAI/pythia-1b	step2000	isp_resisting_correction	0.65958605664488	0.005529713609747001
EleutherAI/pythia-1b	step2000	isp_sig_figs	0.391539455424223	0.0033765438748770004
EleutherAI/pythia-1b	step2000	truthfulqa_mc1	0.24847001223990203	0.015127427096520001
EleutherAI/pythia-1b	step2000	truthfulqa_mc2	0.462311826594252	0.015541028925340001
EleutherAI/pythia-160m	step2000	isp_hindsight_neglect	0.542857142857142	0.028112788378274002
EleutherAI/pythia-160m	step2000	isp_into_the_unknown	0.48793859649122806	0.011707125476164001
EleutherAI/pythia-160m	step2000	isp_memo_trap	0.846153846153846	0.011799461366882001
EleutherAI/pythia-160m	step2000	isp_modus_tollens	0.46925566343042	0.014200837797286
EleutherAI/pythia-160m	step2000	isp_neqa	0.46	0.028823067684915
EleutherAI/pythia-160m	step2000	isp_pattern_matching_suppression	0.36484593837535	0.012743311851127
EleutherAI/pythia-160m	step2000	isp_redefine	0.594855305466238	0.013924358089689
EleutherAI/pythia-160m	step2000	isp_repetitive_algebra	0.763	0.013454070462577001
EleutherAI/pythia-160m	step2000	isp_resisting_correction	0.5296840958605661	0.005824605754996001
EleutherAI/pythia-160m	step2000	isp_sig_figs	0.39077379528161904	0.003375362525215
EleutherAI/pythia-160m	step2000	truthfulqa_mc1	0.268053855569155	0.015506204722834002
EleutherAI/pythia-160m	step2000	truthfulqa_mc2	0.48917212753507505	0.01576441549943
EleutherAI/pythia-2.8b	step64000	isp_hindsight_neglect	0.412698412698412	0.027783193429061003
EleutherAI/pythia-2.8b	step64000	isp_into_the_unknown	0.49177631578947306	0.011708949159096002
EleutherAI/pythia-2.8b	step64000	isp_memo_trap	0.7916666666666661	0.013281427487367001
EleutherAI/pythia-2.8b	step64000	isp_modus_tollens	1.0	0.0
EleutherAI/pythia-2.8b	step64000	isp_neqa	0.45666666666666605	0.028806947219396
EleutherAI/pythia-2.8b	step64000	isp_pattern_matching_suppression	0.008403361344537001	0.002416473604864
EleutherAI/pythia-2.8b	step64000	isp_redefine	0.595659163987138	0.013919933222012001
EleutherAI/pythia-2.8b	step64000	isp_repetitive_algebra	0.544	0.015757928553979002
EleutherAI/pythia-2.8b	step64000	isp_resisting_correction	0.8928376906318081	0.0036096951481980003
EleutherAI/pythia-2.8b	step64000	isp_sig_figs	0.383643585203617	0.003363940850311
EleutherAI/pythia-2.8b	step64000	truthfulqa_mc1	0.22276621787025702	0.014566506961396001
EleutherAI/pythia-2.8b	step64000	truthfulqa_mc2	0.372189218866719	0.013953720907151001
EleutherAI/pythia-1b	step143000	isp_hindsight_neglect	0.5460317460317461	0.028096800277810002
EleutherAI/pythia-1b	step143000	isp_into_the_unknown	0.491228070175438	0.011708730895408002
EleutherAI/pythia-1b	step143000	isp_memo_trap	0.779914529914529	0.013549191658219
EleutherAI/pythia-1b	step143000	isp_modus_tollens	0.41343042071197406	0.014012883255024
EleutherAI/pythia-1b	step143000	isp_neqa	0.45666666666666605	0.028806947219396
EleutherAI/pythia-1b	step143000	isp_pattern_matching_suppression	0.33753501400560204	0.012517825505214
EleutherAI/pythia-1b	step143000	isp_redefine	0.708199356913183	0.012893930413071
EleutherAI/pythia-1b	step143000	isp_repetitive_algebra	0.368	0.015258073561521002
EleutherAI/pythia-1b	step143000	isp_resisting_correction	0.88630174291939	0.0037045114480080002
EleutherAI/pythia-1b	step143000	isp_sig_figs	0.37278078193042	0.0033450672707190003
EleutherAI/pythia-1b	step143000	truthfulqa_mc1	0.23745410036719702	0.014896277441041002
EleutherAI/pythia-1b	step143000	truthfulqa_mc2	0.40474252974518204	0.014454842137524002
EleutherAI/pythia-6.9b	step32000	isp_hindsight_neglect	0.46666666666666606	0.028153858945648
EleutherAI/pythia-6.9b	step32000	isp_into_the_unknown	0.49616228070175405	0.011710188256469
EleutherAI/pythia-6.9b	step32000	isp_memo_trap	0.772435897435897	0.013711257788690001
EleutherAI/pythia-6.9b	step32000	isp_modus_tollens	1.0	0.0
EleutherAI/pythia-6.9b	step32000	isp_neqa	0.45333333333333303	0.028789526978043004
EleutherAI/pythia-6.9b	step32000	isp_pattern_matching_suppression	0.039215686274509005	0.005138435094843
EleutherAI/pythia-6.9b	step32000	isp_redefine	0.520900321543408	0.014169505304658
EleutherAI/pythia-6.9b	step32000	isp_repetitive_algebra	0.545	0.015755101498347
EleutherAI/pythia-6.9b	step32000	isp_resisting_correction	0.8410947712418301	0.004266333451688
EleutherAI/pythia-6.9b	step32000	isp_sig_figs	0.377326889027133	0.0033531837560570005
EleutherAI/pythia-6.9b	step32000	truthfulqa_mc1	0.22399020807833503	0.014594964329474
EleutherAI/pythia-6.9b	step32000	truthfulqa_mc2	0.38078314690014603	0.014132507824909001
EleutherAI/pythia-1.4b	step64000	isp_hindsight_neglect	0.46984126984126906	0.028165256808123002
EleutherAI/pythia-1.4b	step64000	isp_into_the_unknown	0.491228070175438	0.011708730895408002
EleutherAI/pythia-1.4b	step64000	isp_memo_trap	0.8098290598290591	0.012834027034838002
EleutherAI/pythia-1.4b	step64000	isp_modus_tollens	0.036407766990291	0.0053297911097660005
EleutherAI/pythia-1.4b	step64000	isp_neqa	0.45666666666666605	0.028806947219396
EleutherAI/pythia-1.4b	step64000	isp_pattern_matching_suppression	0.17156862745098	0.009980107527917
EleutherAI/pythia-1.4b	step64000	isp_redefine	0.6872990353697741	0.013149278184507
EleutherAI/pythia-1.4b	step64000	isp_repetitive_algebra	0.497	0.015819015179246002
EleutherAI/pythia-1.4b	step64000	isp_resisting_correction	0.8932461873638341	0.0036036326967100003
EleutherAI/pythia-1.4b	step64000	isp_sig_figs	0.395367756137244	0.0033823200178730002
EleutherAI/pythia-1.4b	step64000	truthfulqa_mc1	0.24235006119951003	0.015000674373570002
EleutherAI/pythia-1.4b	step64000	truthfulqa_mc2	0.40957795139648	0.014400493514689002
EleutherAI/pythia-70m	step64000	isp_hindsight_neglect	0.5111111111111111	0.028209664469082
EleutherAI/pythia-70m	step64000	isp_into_the_unknown	0.48848684210526305	0.011707428269444
EleutherAI/pythia-70m	step64000	isp_memo_trap	0.8952991452991451	0.010012750466241001
EleutherAI/pythia-70m	step64000	isp_modus_tollens	1.0	0.0
EleutherAI/pythia-70m	step64000	isp_neqa	0.45666666666666605	0.028806947219396
EleutherAI/pythia-70m	step64000	isp_pattern_matching_suppression	0.432072829131652	0.013113324705573
EleutherAI/pythia-70m	step64000	isp_redefine	0.55225080385852	0.014104250784140002
EleutherAI/pythia-70m	step64000	isp_repetitive_algebra	0.8	0.012655439943366
EleutherAI/pythia-70m	step64000	isp_resisting_correction	0.6399782135076251	0.005601575863163
EleutherAI/pythia-70m	step64000	isp_sig_figs	0.390630234004881	0.0033751400507360005
EleutherAI/pythia-70m	step64000	truthfulqa_mc1	0.255813953488372	0.015274176219283002
EleutherAI/pythia-70m	step64000	truthfulqa_mc2	0.48350101958114805	0.015580409725635002
EleutherAI/pythia-160m	step16000	isp_hindsight_neglect	0.46031746031746	0.028127626334238
EleutherAI/pythia-160m	step16000	isp_into_the_unknown	0.48574561403508704	0.011705773373391001
EleutherAI/pythia-160m	step16000	isp_memo_trap	0.8525641025641021	0.011594695153557
EleutherAI/pythia-160m	step16000	isp_modus_tollens	1.0	0.0
EleutherAI/pythia-160m	step16000	isp_neqa	0.45666666666666605	0.028806947219396
EleutherAI/pythia-160m	step16000	isp_pattern_matching_suppression	0.619747899159663	0.012850835257534
EleutherAI/pythia-160m	step16000	isp_redefine	0.6969453376205781	0.013035397503907002
EleutherAI/pythia-160m	step16000	isp_repetitive_algebra	0.33	0.014876872027456
EleutherAI/pythia-160m	step16000	isp_resisting_correction	0.7348856209150321	0.0051509786819500004
EleutherAI/pythia-160m	step16000	isp_sig_figs	0.38900320620184703	0.0033725972089310003
EleutherAI/pythia-160m	step16000	truthfulqa_mc1	0.24847001223990203	0.015127427096520001
EleutherAI/pythia-160m	step16000	truthfulqa_mc2	0.44746523109774006	0.015471191172119002
EleutherAI/pythia-2.8b	step8000	isp_hindsight_neglect	0.43809523809523804	0.027999533688878003
EleutherAI/pythia-2.8b	step8000	isp_into_the_unknown	0.490679824561403	0.011708498545722
EleutherAI/pythia-2.8b	step8000	isp_memo_trap	0.866452991452991	0.011124583994152
EleutherAI/pythia-2.8b	step8000	isp_modus_tollens	0.9611650485436891	0.005497647491118
EleutherAI/pythia-2.8b	step8000	isp_neqa	0.45666666666666605	0.028806947219396
EleutherAI/pythia-2.8b	step8000	isp_pattern_matching_suppression	0.360644257703081	0.012711558758109
EleutherAI/pythia-2.8b	step8000	isp_redefine	0.663183279742765	0.013405346408015
EleutherAI/pythia-2.8b	step8000	isp_repetitive_algebra	0.295	0.014428554438445
EleutherAI/pythia-2.8b	step8000	isp_resisting_correction	0.8830337690631801	0.0037504392907570005
EleutherAI/pythia-2.8b	step8000	isp_sig_figs	0.393262190745083	0.0033791700464300004
EleutherAI/pythia-2.8b	step8000	truthfulqa_mc1	0.24847001223990203	0.015127427096520001
EleutherAI/pythia-2.8b	step8000	truthfulqa_mc2	0.42181252520954604	0.014786085268798
EleutherAI/pythia-1b	step4000	isp_hindsight_neglect	0.457142857142857	0.028112788378274002
EleutherAI/pythia-1b	step4000	isp_into_the_unknown	0.48464912280701705	0.011705012746944
EleutherAI/pythia-1b	step4000	isp_memo_trap	0.8824786324786321	0.010531851140530001
EleutherAI/pythia-1b	step4000	isp_modus_tollens	1.0	0.0
EleutherAI/pythia-1b	step4000	isp_neqa	0.45666666666666605	0.028806947219396
EleutherAI/pythia-1b	step4000	isp_pattern_matching_suppression	0.460084033613445	0.013193793417452
EleutherAI/pythia-1b	step4000	isp_redefine	0.613344051446945	0.013812709003281002
EleutherAI/pythia-1b	step4000	isp_repetitive_algebra	0.302	0.014526080235459001
EleutherAI/pythia-1b	step4000	isp_resisting_correction	0.746459694989106	0.005076798443752
EleutherAI/pythia-1b	step4000	isp_sig_figs	0.38972101258553804	0.0033737239160280003
EleutherAI/pythia-1b	step4000	truthfulqa_mc1	0.252141982864137	0.015201522246299
EleutherAI/pythia-1b	step4000	truthfulqa_mc2	0.45383386393089303	0.015427528653966
EleutherAI/pythia-6.9b	step64000	isp_hindsight_neglect	0.5111111111111111	0.028209664469082
EleutherAI/pythia-6.9b	step64000	isp_into_the_unknown	0.47258771929824506	0.011692920599128001
EleutherAI/pythia-6.9b	step64000	isp_memo_trap	0.708333333333333	0.014864709750264
EleutherAI/pythia-6.9b	step64000	isp_modus_tollens	0.720064724919093	0.012775594041546
EleutherAI/pythia-6.9b	step64000	isp_neqa	0.46666666666666606	0.028851417827642
EleutherAI/pythia-6.9b	step64000	isp_pattern_matching_suppression	0.0	0.0
EleutherAI/pythia-6.9b	step64000	isp_redefine	0.574758842443729	0.014022482679467001
EleutherAI/pythia-6.9b	step64000	isp_repetitive_algebra	0.314	0.014683991951087001
EleutherAI/pythia-6.9b	step64000	isp_resisting_correction	0.86369825708061	0.004004008236146
EleutherAI/pythia-6.9b	step64000	isp_sig_figs	0.355505574962913	0.0033113204445330002
EleutherAI/pythia-6.9b	step64000	truthfulqa_mc1	0.22154222766217802	0.014537867601301002
EleutherAI/pythia-6.9b	step64000	truthfulqa_mc2	0.36350537709645603	0.013738758161170001
